Region,Location,Collection,Ind
Kuskokwim River,Tonzona River,EKUS0703,EKUS0703.002
Kuskokwim River,Middle Fork,EKUS0703,EKUS0703.003
Kuskokwim River,Big River,EKUS0703,EKUS0703.005
Kuskokwim River,Big River,EKUS0703,EKUS0703.007
Kuskokwim River,Big River,EKUS0807,EKUS0807.014
Kuskokwim River,Middle Fork,EKUS0807,EKUS0807.016
Kuskokwim River,Big River,EKUS0807,EKUS0807.031
Kuskokwim River,Big River,EKUS0807,EKUS0807.032
Kuskokwim River,Big River,EKUS0807,EKUS0807.035
Kuskokwim River,Big River,EKUS0807,EKUS0807.036
Kuskokwim River,Middle Fork,EKUS0807,EKUS0807.038
Kuskokwim River,Big River,EKUS0807,EKUS0807.040
Kuskokwim River,Big River,EKUS0807,EKUS0807.041
Kuskokwim River,Big River,EKUS0807,EKUS0807.042
Kuskokwim River,Big River,EKUS0807,EKUS0807.043
Kuskokwim River,Big River,EKUS0807,EKUS0807.044
Kuskokwim River,Big River,EKUS0807,EKUS0807.045
Kuskokwim River,Big River,EKUS0807,EKUS0807.046
Kuskokwim River,Big River,EKUS0807,EKUS0807.047
Kuskokwim River,Middle Fork,EKUS0807,EKUS0807.048
Kuskokwim River,Big River,EKUS0807,EKUS0807.049
Kuskokwim River,Middle Fork,EKUS0807,EKUS0807.050
Kuskokwim River,Middle Fork,EKUS0807,EKUS0807.051
Kuskokwim River,Middle Fork,EKUS0807,EKUS0807.054
Kuskokwim River,Middle Fork,EKUS0807,EKUS0807.062
Kuskokwim River,Big River,EKUS0807,EKUS0807.063
Kuskokwim River,Big River,EKUS0807,EKUS0807.066
Kuskokwim River,Big River,EKUS0807,EKUS0807.073
Kuskokwim River,Big River,EKUS0807,EKUS0807.075
Kuskokwim River,Big River,EKUS0807,EKUS0807.077
Kuskokwim River,Big River,EKUS0807,EKUS0807.078
Kuskokwim River,Big River,EKUS0807,EKUS0807.079
Kuskokwim River,Big River,EKUS0807,EKUS0807.081
Kuskokwim River,Big River,EKUS0807,EKUS0807.082
Kuskokwim River,Big River,EKUS0807,EKUS0807.083
Kuskokwim River,Big River,EKUS0807,EKUS0807.084
Kuskokwim River,Big River,EKUS0807,EKUS0807.085
Kuskokwim River,Big River,EKUS0807,EKUS0807.086
Kuskokwim River,Big River,EKUS0807,EKUS0807.087
Kuskokwim River,Big River,EKUS0807,EKUS0807.089
Kuskokwim River,Big River,EKUS0807,EKUS0807.090
Kuskokwim River,Big River,EKUS0807,EKUS0807.091
Kuskokwim River,Tonzona River,EKUS0807,EKUS0807.093
Kuskokwim River,Big River,EKUS0807,EKUS0807.095
Kuskokwim River,Big River,EKUS0807,EKUS0807.096
Kuskokwim River,Big River,EKUS0807,EKUS0807.099
Kuskokwim River,Big River,EKUS0807,EKUS0807.100
Kuskokwim River,Tonzona River,EKUS0807,EKUS0807.101
Kuskokwim River,Big River,EKUS0807,EKUS0807.102
Kuskokwim River,Big River,EKUS0807,EKUS0807.103
Kuskokwim River,Big River,EKUS0807,EKUS0807.104
Kuskokwim River,Big River,EKUS0807,EKUS0807.105
Kuskokwim River,Big River,EKUS0807,EKUS0807.106
Kuskokwim River,Big River,EKUS0807,EKUS0807.108
Kuskokwim River,Big River,EKUS0807,EKUS0807.111
Kuskokwim River,Big River,EKUS0807,EKUS0807.113
Kuskokwim River,Big River,EKUS0807,EKUS0807.114
Kuskokwim River,Big River,EKUS0807,EKUS0807.117
Kuskokwim River,Big River,EKUS0807,EKUS0807.119
Kuskokwim River,Middle Fork,EKUS1107,EKUS1107.121
Kuskokwim River,Middle Fork,EKUS1107,EKUS1107.122
Kuskokwim River,Middle Fork,EKUS1107,EKUS1107.123
Kuskokwim River,Middle Fork,EKUS1107,EKUS1107.124
Kuskokwim River,Middle Fork,EKUS1107,EKUS1107.125
Kuskokwim River,Middle Fork,EKUS1107,EKUS1107.126
Kuskokwim River,Middle Fork,EKUS1107,EKUS1107.127
Kuskokwim River,Middle Fork,EKUS1107,EKUS1107.128
Kuskokwim River,Middle Fork,EKUS1107,EKUS1107.129
Kuskokwim River,Middle Fork,EKUS1107,EKUS1107.130
Kuskokwim River,Middle Fork,EKUS1107,EKUS1107.131
Kuskokwim River,Middle Fork,EKUS1107,EKUS1107.132
Kuskokwim River,Middle Fork,EKUS1107,EKUS1107.133
Kuskokwim River,Middle Fork,EKUS1107,EKUS1107.134
Kuskokwim River,Middle Fork,EKUS1107,EKUS1107.135
Kuskokwim River,Middle Fork,EKUS1107,EKUS1107.136
Kuskokwim River,Middle Fork,EKUS1107,EKUS1107.137
Kuskokwim River,Middle Fork,EKUS1107,EKUS1107.138
Kuskokwim River,Middle Fork,EKUS1107,EKUS1107.139
Kuskokwim River,Middle Fork,EKUS1107,EKUS1107.140
Kuskokwim River,Middle Fork,EKUS1107,EKUS1107.141
Kuskokwim River,Middle Fork,EKUS1107,EKUS1107.142
Kuskokwim River,Middle Fork,EKUS1107,EKUS1107.143
Kuskokwim River,Middle Fork,EKUS1107,EKUS1107.144
Kuskokwim River,Middle Fork,EKUS1107,EKUS1107.145
Kuskokwim River,Middle Fork,EKUS1107,EKUS1107.146
Kuskokwim River,Middle Fork,EKUS1107,EKUS1107.147
Kuskokwim River,Middle Fork,EKUS1107,EKUS1107.148
Kuskokwim River,Middle Fork,EKUS1107,EKUS1107.149
Kuskokwim River,Middle Fork,EKUS1107,EKUS1107.150
Kuskokwim River,Middle Fork,EKUS1107,EKUS1107.151
Kuskokwim River,Middle Fork,EKUS1107,EKUS1107.152
Kuskokwim River,Middle Fork,EKUS1107,EKUS1107.153
Kuskokwim River,Middle Fork,EKUS1107,EKUS1107.154
Kuskokwim River,Middle Fork,EKUS1107,EKUS1107.155
Kuskokwim River,Middle Fork,EKUS1107,EKUS1107.156
Kuskokwim River,Big River,EBIG1106 ,EBIG1106.157
Kuskokwim River,Big River,EBIG1106 ,EBIG1106.158
Kuskokwim River,Big River,EBIG1106 ,EBIG1106.159
Kuskokwim River,Big River,EBIG1106 ,EBIG1106.160
Kuskokwim River,Big River,EBIG1106 ,EBIG1106.161
Kuskokwim River,Big River,EBIG1106 ,EBIG1106.162
Kuskokwim River,Big River,EBIG1106 ,EBIG1106.163
Kuskokwim River,Big River,EBIG1106 ,EBIG1106.164
Kuskokwim River,Big River,EBIG1106 ,EBIG1106.165
Kuskokwim River,Big River,EBIG1106 ,EBIG1106.166
Kuskokwim River,Big River,EBIG1106 ,EBIG1106.167
Kuskokwim River,Big River,EBIG1106 ,EBIG1106.168
Kuskokwim River,Big River,EBIG1106 ,EBIG1106.169
Kuskokwim River,Big River,EBIG1106 ,EBIG1106.170
Kuskokwim River,Big River,EBIG1106 ,EBIG1106.171
Kuskokwim River,Big River,EBIG1106 ,EBIG1106.172
Kuskokwim River,Big River,EBIG1106 ,EBIG1106.173
Kuskokwim River,Big River,EBIG1106 ,EBIG1106.174
Kuskokwim River,Big River,EBIG1106 ,EBIG1106.175
Kuskokwim River,Big River,EBIG1106 ,EBIG1106.176
Kuskokwim River,Big River,EBIG1106 ,EBIG1106.177
Kuskokwim River,Big River,EBIG1106 ,EBIG1106.178
Kuskokwim River,Big River,EBIG1106 ,EBIG1106.179
Kuskokwim River,Big River,EBIG1106 ,EBIG1106.180
Kuskokwim River,Big River,EBIG1106 ,EBIG1106.181
Kuskokwim River,Big River,EBIG1106 ,EBIG1106.182
Kuskokwim River,Big River,EBIG1106 ,EBIG1106.183
Kuskokwim River,Big River,EBIG1106 ,EBIG1106.184
Kuskokwim River,Big River,EBIG1106 ,EBIG1106.185
Kuskokwim River,Big River,EBIG1106 ,EBIG1106.186
Kuskokwim River,Big River,EBIG1106 ,EBIG1106.187
Kuskokwim River,Big River,EBIG1106 ,EBIG1106.188
Kuskokwim River,Big River,EBIG1106 ,EBIG1106.189
Kuskokwim River,Big River,EBIG1106 ,EBIG1106.190
Kuskokwim River,Big River,EBIG1106 ,EBIG1106.191
Kuskokwim River,Big River,EBIG1106 ,EBIG1106.192
Kuskokwim River,Big River,EBIG1106 ,EBIG1106.193
Kuskokwim River,Big River,EBIG1106 ,EBIG1106.194
Kuskokwim River,Big River,EBIG1106 ,EBIG1106.195
Kuskokwim River,Big River,EBIG1106 ,EBIG1106.196
Kuskokwim River,Big River,EBIG1106 ,EBIG1106.197
Kuskokwim River,Big River,EBIG1106 ,EBIG1106.198
Kuskokwim River,Big River,EBIG1106 ,EBIG1106.205
Kuskokwim River,Big River,EBIG1106 ,EBIG1106.206
Kuskokwim River,Big River,EBIG1106 ,EBIG1106.207
Kuskokwim River,Big River,EBIG1106 ,EBIG1106.208
Kuskokwim River,Big River,EBIG1106 ,EBIG1106.209
Kuskokwim River,Big River,EBIG1106 ,EBIG1106.210
Kuskokwim River,Big River,EBIG1106 ,EBIG1106.211
Kuskokwim River,Big River,EBIG1106 ,EBIG1106.212
Kuskokwim River,Big River,EBIG1106 ,EBIG1106.213
Kuskokwim River,Big River,EBIG1106 ,EBIG1106.214
Kuskokwim River,Tonzona River,EKUS1303,EKUS1303.221
Kuskokwim River,Tonzona River,EKUS1303,EKUS1303.222
Kuskokwim River,Big River,EKUS1303,EKUS1303.225
Kuskokwim River,Tonzona River,EKUS1303,EKUS1303.226
Kuskokwim River,Tonzona River,EKUS1303,EKUS1303.230
Kuskokwim River,Tonzona River,EKUS1303,EKUS1303.233
Kuskokwim River,Tonzona River,EKUS1303,EKUS1303.235
Kuskokwim River,Tonzona River,EKUS1303,EKUS1303.237
Kuskokwim River,Tonzona River,EKUS1303,EKUS1303.238
Kuskokwim River,Tonzona River,EKUS1303,EKUS1303.239
Kuskokwim River,Tonzona River,EKUS1303,EKUS1303.242
Kuskokwim River,Tonzona River,EKUS1303,EKUS1303.243
Kuskokwim River,Middle Fork,EKUS1303,EKUS1303.247
Kuskokwim River,Middle Fork,EKUS1303,EKUS1303.253
Kuskokwim River,Big River,EKUS1303,EKUS1303.254
Kuskokwim River,Tonzona River,EKUS1303,EKUS1303.255
Kuskokwim River,Tonzona River,EKUS1303,EKUS1303.257
Kuskokwim River,Tonzona River,EKUS1303,EKUS1303.258
Kuskokwim River,Tonzona River,EKUS1303,EKUS1303.259
Kuskokwim River,Tonzona River,EKUS1303,EKUS1303.260
Kuskokwim River,Tonzona River,EKUS1303,EKUS1303.261
Kuskokwim River,Tonzona River,EKUS1303,EKUS1303.262
Kuskokwim River,Tonzona River,EKUS1303,EKUS1303.263
Kuskokwim River,Tonzona River,EKUS1303,EKUS1303.264
Kuskokwim River,Tonzona River,EKUS1303,EKUS1303.265
Kuskokwim River,Tonzona River,EKUS1303,EKUS1303.266
Kuskokwim River,Tonzona River,EKUS1303,EKUS1303.267
Kuskokwim River,Tonzona River,EKUS1303,EKUS1303.268
Kuskokwim River,Tonzona River,EKUS1303,EKUS1303.269
Kuskokwim River,Tonzona River,EKUS1303,EKUS1303.270
Kuskokwim River,Tonzona River,EKUS1303,EKUS1303.271
Kuskokwim River,Tonzona River,EKUS1303,EKUS1303.272
Kuskokwim River,Tonzona River,EKUS1303,EKUS1303.273
Kuskokwim River,Tonzona River,EKUS1303,EKUS1303.274
Kuskokwim River,Tonzona River,EKUS1303,EKUS1303.275
Kuskokwim River,Tonzona River,EKUS1303,EKUS1303.276
Kuskokwim River,Tonzona River,EKUS1303,EKUS1303.277
Kuskokwim River,Tonzona River,EKUS1303,EKUS1303.278
Kuskokwim River,Tonzona River,EKUS1303,EKUS1303.279
Kuskokwim River,Tonzona River,EKUS1303,EKUS1303.280
Kuskokwim River,Tonzona River,EKUS1303,EKUS1303.281
Kuskokwim River,Tonzona River,EKUS1303,EKUS1303.282
Kuskokwim River,Tonzona River,EKUS1303,EKUS1303.283
Kuskokwim River,Tonzona River,EKUS1303,EKUS1303.284
Kuskokwim River,Tonzona River,EKUS1303,EKUS1303.285
Kuskokwim River,Tonzona River,EKUS1303,EKUS1303.286
Kuskokwim River,Tonzona River,EKUS1303,EKUS1303.287
Kuskokwim River,Tonzona River,EKUS1303,EKUS1303.288
Kuskokwim River,Tonzona River,EKUS1303,EKUS1303.289
Kuskokwim River,Tonzona River,EKUS1303,EKUS1303.290
Kuskokwim River,Tonzona River,EKUS1303,EKUS1303.291
Kuskokwim River,Tonzona River,EKUS1303,EKUS1303.292
Kuskokwim River,Tonzona River,EKUS1303,EKUS1303.293
Kuskokwim River,Tonzona River,EKUS1303,EKUS1303.294
Kuskokwim River,Tonzona River,EKUS1303,EKUS1303.295
Kuskokwim River,Tonzona River,EKUS1303,EKUS1303.296
Kuskokwim River,Tonzona River,EKUS1303,EKUS1303.297
Kuskokwim River,Tonzona River,EKUS1303,EKUS1303.298
Kuskokwim River,Tonzona River,EKUS1303,EKUS1303.299
Kuskokwim River,Tonzona River,EKUS1303,EKUS1303.300
Kuskokwim River,Tonzona River,EKUS1303,EKUS1303.301
Kuskokwim River,Tonzona River,EKUS1303,EKUS1303.302
Kuskokwim River,Tonzona River,EKUS1303,EKUS1303.303
Kuskokwim River,Tonzona River,EKUS1303,EKUS1303.304
Kuskokwim River,Tonzona River,EKUS1303,EKUS1303.305
Kuskokwim River,Tonzona River,EKUS1303,EKUS1303.306
Kuskokwim River,Tonzona River,EKUS1303,EKUS1303.307
Kuskokwim River,Tonzona River,EKUS1303,EKUS1303.308
Kuskokwim River,Tonzona River,EKUS1303,EKUS1303.309
Kuskokwim River,Tonzona River,EKUS1303,EKUS1303.311
Kuskokwim River,Tonzona River,EKUS1303,EKUS1303.312
Kuskokwim River,Tonzona River,EKUS1303,EKUS1303.313
Kuskokwim River,Tonzona River,EKUS1303,EKUS1303.314
Kuskokwim River,Tonzona River,EKUS1303,EKUS1303.315
Kuskokwim River,Tonzona River,EKUS1303,EKUS1303.316
Kuskokwim River,Tonzona River,EKUS1303,EKUS1303.317
Kuskokwim River,Tonzona River,EKUS1303,EKUS1303.318
Kuskokwim River,Tonzona River,EKUS1303,EKUS1303.319
Kuskokwim River,Tonzona River,EKUS1303,EKUS1303.320
Kuskokwim River,Big River,EKUS1403,EKUS1403.234
Kuskokwim River,Big River,EKUS1403,EKUS1403.321
Kuskokwim River,Tonzona River,EKUS1403,EKUS1403.324
Kuskokwim River,Middle Fork,EKUS1403,EKUS1403.325
Kuskokwim River,Big River,EKUS1403,EKUS1403.327
Kuskokwim River,Big River,EKUS1403,EKUS1403.328
Kuskokwim River,Big River,EKUS1403,EKUS1403.329
Kuskokwim River,Big River,EKUS1403,EKUS1403.331
Kuskokwim River,Big River,EKUS1403,EKUS1403.332
Kuskokwim River,Middle Fork,EKUS1403,EKUS1403.333
Kuskokwim River,Middle Fork,EKUS1403,EKUS1403.334
Kuskokwim River,Middle Fork,EKUS1403,EKUS1403.335
Kuskokwim River,Big River,EKUS1403,EKUS1403.337
